Milk,Bread,Eggs,Cheese,Butter,Yogurt
Rice,Beans,Pasta,Tomato Sauce,Olive Oil,
Chicken,Broccoli,Carrots,Olive Oil,Spices,Lemon
Fish,Rice,Mixed Vegetables,Soy Sauce,Ginger,Green Onions
Yogurt,Granola,Berries,Honey,Almonds,Chia Seeds
Ice Cream,Cookies,Chocolate,Nuts,Cake,Pies
Fruits,Vegetables,Salad Dressing,Spices,Croutons,Cheese
Bread,Peanut Butter,Jelly,Honey,Bananas,Apples
Oatmeal,Almonds,Dried Fruit,Milk,Cinnamon,Honey
Cereal,Milk,Bananas,Orange Juice,Coffee,Sugar
Pasta,Garlic,Olive Oil,Parmesan Cheese,Basil,Tomatoes
Chicken,Lettuce,Tomato,Tortillas,Salsa,Avocado
Ground Beef,Taco Shells,Cheese,Salsa,Lettuce,Tomatoes
Eggs,Sausage,Pancake Mix,Maple Syrup,Fresh Fruits,
Vegetable Oil,Flour,Sugar,Baking Powder,Yeast,Salt
Coffee,Tea,Sugar,Creamer,Biscotti,Donuts
Frozen Vegetables,Frozen Meals,Pizza,Ice Cream,Frozen Fruit,
Soda,Chips,Dip,Salsa,Pretzels,Mixed Nuts
Bagels,Cream Cheese,Lox,Capers,Fresh Dill,Tomatoes
Herbs,Spices,Garlic,Onion,Pepper,
